[{"name": "CharSkyKid_Wing_ClassicOne_Default", "secondary_hsv": [30.0, 30.0, 30.0], "shader": "AvatarFurCham"}, {"name": "CharSkyKid_Wing_ClassicOne_TGCBlue", "secondary_hsv": [194.0, 100.0, 60.0], "shader": "AvatarFurCham"}, {"name": "CharSkyKid_Wing_ClassicOne_TGCBlue$", "secondary_hsv": [194.0, 100.0, 60.0], "shader": "AvatarFurCham"}, {"name": "CharSkyKid_Wing_ClassicOne_TGCBlueSTAR", "secondary_hsv": [194.0, 100.0, 60.0], "shader": "AvatarFurCham"}, {"name": "CharSkyKid_Wing_ClassicOne_Orange", "secondary_hsv": [30.0, 100.0, 50.0], "shader": "AvatarFurCham"}, {"name": "CharSkyKid_Wing_ClassicOne_Yellow", "secondary_hsv": [40.0, 85.0, 55.0], "shader": "AvatarFurCham"}, {"name": "CharSkyKid_Wing_ClassicOne_Red", "secondary_hsv": [10.0, 85.0, 55.0], "shader": "AvatarFurCham"}, {"name": "CharSkyKid_Wing_ClassicOne_Beige", "secondary_hsv": [72.0, 67.0, 40.0], "shader": "AvatarFurCham"}, {"name": "CharSkyKid_Wing_ClassicOne_Teal", "secondary_hsv": [189.0, 85.0, 45.0], "shader": "AvatarFurCham"}, {"name": "CharSkyKid_Wing_ClassicOne_Ancestor", "secondary_hsv": [210.0, 80.0, 35.0], "shader": "AvatarFurCham"}, {"name": "CharSkyKid_Wing_ClassicOne_Purple", "secondary_hsv": [275.0, 55.0, 43.0], "shader": "AvatarFurCham"}, {"name": "CharSkyKid_Wing_ClassicOne_Pink", "secondary_hsv": [340.0, 35.0, 60.0], "shader": "AvatarFurCham"}, {"name": "CharSkyKid_Wing_ClassicOne_Black", "secondary_hsv": [190.0, 0.0, 0.0], "shader": "AvatarFurCham"}, {"name": "CharSkyKid_Wing_ClassicOne_White", "secondary_hsv": [190.0, 0.0, 70.0], "shader": "AvatarFurCham"}, {"name": "CharSkyKid_Wing_ClassicTwo_Default", "secondary_hsv": [30.0, 30.0, 30.0], "shader": "AvatarFurCham"}, {"name": "CharSkyKid_Wing_ClassicTwo_Orange", "secondary_hsv": [30.0, 100.0, 50.0], "shader": "AvatarFurCham"}, {"name": "CharSkyKid_Wing_ClassicTwo_Yellow", "secondary_hsv": [40.0, 85.0, 55.0], "shader": "AvatarFurCham"}, {"name": "CharSkyKid_Wing_ClassicTwo_Red", "secondary_hsv": [10.0, 85.0, 55.0], "shader": "AvatarFurCham"}, {"name": "CharSkyKid_Wing_ClassicTwo_Beige", "secondary_hsv": [72.0, 67.0, 40.0], "shader": "AvatarFurCham"}, {"name": "CharSkyKid_Wing_ClassicTwo_Teal", "secondary_hsv": [189.0, 85.0, 45.0], "shader": "AvatarFurCham"}, {"name": "CharSkyKid_Wing_ClassicTwo_Ancestor", "secondary_hsv": [210.0, 80.0, 35.0], "shader": "AvatarFurCham"}, {"name": "CharSkyKid_Wing_ClassicTwo_Purple", "secondary_hsv": [275.0, 55.0, 43.0], "shader": "AvatarFurCham"}, {"name": "CharSkyKid_Wing_ClassicTwo_Pink", "secondary_hsv": [340.0, 35.0, 60.0], "shader": "AvatarFurCham"}, {"name": "CharSkyKid_Wing_ClassicTwo_Black", "secondary_hsv": [190.0, 0.0, 0.0], "shader": "AvatarFurCham"}, {"name": "CharSkyKid_Wing_ClassicTwo_White", "secondary_hsv": [190.0, 0.0, 70.0], "shader": "AvatarFurCham"}, {"name": "CharSkyKid_Wing_ClassicOne_EarthDay", "secondary_hsv": [125.0, 50.0, 45.0], "shader": "AvatarFurCham"}]